﻿<?xml version="1.0" encoding="utf-8"?>
<abapGit version="v1.0.0" serializer="LCL_OBJECT_AVAS" serializer_version="v1.0.0">
 <asx:abap xmlns:asx="http://www.sap.com/abapxml" version="1.0">
  <asx:values>
   <AVAS>
    <HEADER>
     <GUID>42B8957792081ED8A4ACAE90DEAFCDFF</GUID>
     <ATTRIBUTE>CHARACTERISTIC_GROUP</ATTRIBUTE>
     <OBJECT>
      <TROBJTYPE>CHAR</TROBJTYPE>
      <SOBJ_NAME>ZAOC_ENCAPSULATION_PACKAGES</SOBJ_NAME>
     </OBJECT>
    </HEADER>
    <VALUES>
     <CLS_VALUE_ASSIGNMENT>
      <VALUE>DEVELOPMENT_COORDINATION</VALUE>
      <ICON>@A8@</ICON>
     </CLS_VALUE_ASSIGNMENT>
    </VALUES>
   </AVAS>
  </asx:values>
 </asx:abap>
</abapGit>
